id,source,brand,title
2,당근마켓,구찌,구찌실비백
14,당근마켓,구찌,구찌 패드락 패들락 GG 미니 숄더 체인백
21,당근마켓,구찌,구찌실비백(미니)
277,중고나라,구찌,오피디아 구찌가방
19,당근마켓,구찌,(정품) 구찌 패들락 탑핸들 수프림캔버스
27,당근마켓,구찌,구찌 마몬트 미니 체인백 그레이
17,당근마켓,구찌,구찌 GG 마몽 숄더백 아이보리
20,당근마켓,구찌,"GUCCI 구찌오디피아 더플백 ,정품!!"
23,당근마켓,구찌,구찌 동그리백 & 카드지갑
26,당근마켓,구찌,구찌 GG 캔버스 비트 스터드 숄더백
28,당근마켓,루이비통,"명품 쇼핑백(보테가, 루이비통, 에르메스, 구찌, 셀린느, 불가리, 샤넬)"
30,당근마켓,구찌,구찌 GG 엠블럼 반지갑 (새상품)
32,당근마켓,구찌,구찌 GG 로고 숄더/크로스백
31,당근마켓,구찌,구찌 GG 수프림 보스턴백
34,당근마켓,구찌,구찌 GG 클러치백
36,당근마켓,구찌,구찌 주미 클러치 블랙
12,당근마켓,구찌,구찌 블랙 벨트 풀박스
35,당근마켓,구찌,구찌 쇼핑백 세트 (울 스카프)
37,당근마켓,구찌,구찌 토트백 Gucci Neoprene Tote Bag
266,중고나라,루이비통,(미사용)구찌 홀스빗 크로스백/숄더백 새상품급 정품(감정O)프라다루이비통디올고야드샤넬셀린느보테가생로랑발렌시아가가방
43,당근마켓,구찌,구찌 인터로킹 GG 스몰 체인백 블랙
45,당근마켓,구찌,구찌 오피디아 스몰 탑 핸들백 베이지 (거의 새거)
46,당근마켓,구찌,구찌 GG 슈프림 서류가방
7,당근마켓,구찌,구찌 오피디아 체인 숄더백 네이비
61,당근마켓,에르메스,(정품)거의 새상품 에르메스 가든파티 30
62,당근마켓,에르메스,에르메스 에르백 31 페가수스 리미티드
64,당근마켓,에르메스,에르메스 Heure H 미니 모델 21mm 더블 투어 워치 스트랩
63,당근마켓,에르메스,에르메스 에르백 31 (새제품)
65,당근마켓,에르메스,에르메스 Heure H 미니 모델 21mm 더블 투어 워치 스트랩
276,중고나라,샤넬,구찌 테슬 크로스백/카메라백/숄더백 정품A급(영수증O)구찌프라다루이비통디올고야드샤넬셀린느보테가생로랑발렌시아가가방
67,당근마켓,에르메스,[새상품] 에르메스 제트 스니커즈 블랙 판매 (39.5/255)
56,당근마켓,구찌,구찌 정품 호보백
275,중고나라,루이비통,바오바오백 토트백/숄더백 라지 플래티넘 정품S급(한글텍)구찌프라다루이비통디올고야드샤넬셀린느보테가생로랑버버리가방크로스
70,당근마켓,에르메스,에르메스 제트 스니커즈 브라운 36 & 37 새상품 판매합니다
342,중고나라,루이비통,구찌가방GG마몽숄더백(디올펜디샤넬프라다셀린느고야드루이비통발렌시아가
69,당근마켓,에르메스,에르메스 파리로퍼 고트스킨 & 팔라듐 하드웨어 누아 34사이즈 미착용 새상품
68,당근마켓,에르메스,에르메스 에블린29 블랙 은장 크로스백
71,당근마켓,에르메스,에르메스 파리로퍼 크림베이지 38사이즈 새상품 판매합니다
73,당근마켓,에르메스,에르메스 H 스니커즈 블랙 36.5 사이즈 새상품 판매합니다
72,당근마켓,에르메스,에르메스 Flex 슬립온 스니커즈 42.5 새상품 판매합니다
74,당근마켓,에르메스,에르메스 파리 로퍼 스웨이드 베이지 36.5 새상품 판매합니다
76,당근마켓,에르메스,에르메스 여성 로퍼 38사이즈
79,당근마켓,에르메스,"에르메스 ""Stripe and strike"" 터틀넥 스웨터 XL size 새상품 판매합니다"
78,당근마켓,에르메스,에르메스 켈리 25 로즈아잘레 앱송
75,당근마켓,에르메스,에르메스 팔찌 65 새상품
77,당근마켓,에르메스,에르메스 수지 반팔 블랙 자켓 36
80,당근마켓,에르메스,에르메스 튜브 버디(새제품)
13,당근마켓,구찌,구찌 패드락 GG 수프림 스몰 숄더백
82,당근마켓,에르메스,에르메스 트윌리 스카프 3종 새상품 판매합니다
83,당근마켓,에르메스,더리움 제인백 25 나일론 블랙
84,당근마켓,에르메스,[새상품] 에르메스 샤워젤 (정가 11만)
86,당근마켓,에르메스,에르메스 쇼핑백 4종 세트
85,당근마켓,에르메스,에르메스 오렌지 쇼핑백 3개
87,당근마켓,루이비통,에르메스 루이비통 등 쇼핑백 일괄
47,당근마켓,구찌,구찌 GG 수프림 체인백
9535,중고나라,루이비통,보테가베네타 인트레치아토 클러치가방테수토호보백 리에디션2005크로스백숄더백팩구찌루이비통디올셀린느생로랑샤넬디올에르메스
1,당근마켓,구찌,구찌 마틀라세 GG마몽 미니버킷백 (블랙)
267,중고나라,루이비통,구찌 마몽 크로스백/탬버린백 정품S급(영수증O)구찌프라다루이비통디올고야드샤넬셀린느보테가생로랑발렌시아가버버리가방
95,당근마켓,에르메스,에르메스 린디 미니
15,당근마켓,구찌,구찌 홀스빗 1955 미니백
48,당근마켓,구찌,구찌 구찌시마 보스턴백 다크브라운 팝니다
268,중고나라,루이비통,구찌 마몽 마틀라세 크로스백/숄더백 정품S급(감정O)구찌프라다루이비통디올고야드샤넬셀린느보테가생로랑발렌시아가버버리가방
49,당근마켓,구찌,명품 가방 구찌 블랙 GG 크로스백 백화점 신상 새제품 컨디션 저렴하게 판매합니다.
51,당근마켓,구찌,구찌 GG 러버 슬라이드 샌들 (36사이즈)
120,당근마켓,샤넬,샤넬 19백 블랙 미디움 금장(새제품/풀박스)
121,당근마켓,샤넬,샤넬 19 플랩백 스몰 블랙 금장
122,당근마켓,샤넬,샤넬 가브리엘 호보백 스몰 블랙
124,당근마켓,샤넬,보증서포함)샤넬 카메라백 레드 금장
123,당근마켓,샤넬,마지막가격내림!!샤넬 베니티 하트볼 직사각 캐비어
127,당근마켓,샤넬,⭐️샤넬 뉴미니 새상품 양품⭐️선물포장그대로
128,당근마켓,샤넬,샤넬 슬링백 (정품) 37.5
130,당근마켓,샤넬,샤넬 코코핸들 쉐브론 블랙 미듐 - 샤넬 교환도 가능
133,당근마켓,샤넬,(신품급) 샤넬 캐비어스킨 그랜드샤핑 금장체인 백
136,당근마켓,샤넬,샤넬 클래식 캐비어 클러치백 라지 그린
134,당근마켓,샤넬,샤넬 뉴미니 블랙 램스킨 샴페인 골드
132,당근마켓,샤넬,샤넬 클래식 WOC백(국내백화점)
139,당근마켓,샤넬,샤넬 19 체인 지갑 블랙 판매합니다(19 woc)
138,당근마켓,샤넬,샤넬 보이백 쉐브론 카프스킨 미듐
53,당근마켓,구찌,구찌 인터로킹 펜던트 목걸이 (실버) 판매합니다!
140,당근마켓,샤넬,샤넬 클래식 WOC 블랙 금장
141,당근마켓,샤넬,🤎디올 레이디백 미디움 카멜 (교환가능)
144,당근마켓,샤넬,샤넬 2.55 빈티지 라지 매우상태좋음
143,당근마켓,샤넬,샤넬 woc19 은장 내장칩 가방 5회 미만 착용
149,당근마켓,샤넬,샤넬 클래식 페이던트 클러치 블랙
145,당근마켓,샤넬,디올 레이디백 페이던트 블랙 스몰
147,당근마켓,샤넬,샤넬 코코 마드모아젤 오 드 빠르펭 향수 100ml 새상품 미개봉
151,당근마켓,샤넬,샤넬 카드지갑 그린컬러 ✨
157,당근마켓,샤넬,샤넬 스니커즈 (새상품)품번G38299
55,당근마켓,구찌,구찌 GG 슈프림 벨트백 블랙
152,당근마켓,샤넬,클래식 미듐 핑크 은장🌸
58,당근마켓,구찌,구찌 가죽 토트백 베이지 새상품
158,당근마켓,샤넬,샤넬 26 프레피코코 제니백 블랙 스몰
159,당근마켓,루이비통,루이비통 도핀 MM 블랙 숄더백
926,중고나라,루이비통,루이비통 더플백 가방 정품
161,당근마켓,샤넬,샤넬 코코비치 25 블루 데님 34
57,당근마켓,구찌,구찌 GG 수프림 크로스백
59,당근마켓,구찌,명품 가방 구찌 블랙 GG 크로스백 백화점 신상 새제품 컨디션 저렴하게 판매합니다.
160,당근마켓,루이비통,50%할인🩵루이비통 도핀 가방 블랙
9462,당근마켓,샤넬,샤넬 에어팟 케이스 키링
162,당근마켓,샤넬,샤넬 미니 가방
7696,중고나라,루이비통,[한정판/정품] 루이비통 버질아블로 프리즘 반둘리에 키폴 50 가방
7697,중고나라,루이비통,[A급/한정판] 루이비통 LV 에스칼 토일렛26 클러치백 가방
7698,중고나라,루이비통,[S급/정품] 루이비통 S락 버티컬 웨어러블 이클립스 크로스백 가방
8735,중고나라,루이비통,[한정판] 루이비통 타이가 아웃도어 크로스백 메신저백 가방
7700,중고나라,루이비통,루이비통 2007 리미티드 에디션 모노그램 덴텔 스피디 가방
7702,중고나라,루이비통,[S급] 루이비통 쉐도우 모노그램 레이서 백팩 가방
7704,중고나라,루이비통,루이비통 다미에 삭플라 PM 토트백 가방
7705,중고나라,루이비통,정품 루이비통 가방 백 에삐 생작 숄더백(한국중고명품감정완료)
11,당근마켓,구찌,구찌 GG 마몬트 탑핸들백 418702 블랙
269,중고나라,루이비통,구찌 네오빈티지 클러치백 정품S급(영수증O)프라다루이비통디올고야드샤넬셀린느보테가생로랑버버리발렌시아가가방
270,중고나라,루이비통,고야드 세나 클러치백 GM 정품S급(영수증O)구찌프라다루이비통디올샤넬셀린느보테가생로랑버버리발렌시아가가방
271,중고나라,루이비통,샤넬 캐비어 클러치백 라지 정품A급(감정O)구찌프라다루이비통디올고야드셀린느보테가생로랑버버리발렌시아가가방파우치가방
8476,중고나라,루이비통,구찌 테슬 크로스백/카메라백/숄더백 정품A급(영수증O)구찌프라다루이비통디올고야드샤넬셀린느보테가생로랑발렌시아가가방
278,중고나라,루이비통,메종 마르지엘라 버킷백/크로스백 새상품급 정품(감정O)구찌프라다루이비통디올고야드샤넬셀린느보테가생로랑발렌시아가가방
8478,중고나라,루이비통,구찌 스네이크 클러치백 정품A급(감정O)구찌프라다루이비통디올고야드샤넬셀린느보테가생로랑발렌시아가버버리가방
313,중고나라,구찌,"중고 구찌홀스빗1955탑핸들, 구찌가방"
8483,중고나라,구찌,명품가방] 구찌 GG 마몽 스몰 마틀라세 브라운 여성가방
286,중고나라,루이비통,구찌 네오빈티지 클러치/파우치백 정품S급(감정O)구찌프라다루이비통디올고야드샤넬셀린느보테가생로랑발렌시아가버버리가방
283,중고나라,루이비통,버버리 하우스체크 숄더백/토트백 정품S급(감정O)크로스백구찌프라다루이비통디올고야드샤넬셀린느보테가생로랑발렌시아가가방
8489,중고나라,루이비통,보테가베네타 버킷백/크로스백 스몰 새상품급 정품(감정O)구찌프라다루이비통디올고야드샤넬셀린느생로랑버버리발렌시아가가방
284,중고나라,루이비통,펜디 피카부 미니 몬스터 한정판 크로스백/숄더백 정품S급(감정서O)구찌프라다루이비통디올고야드샤넬셀린느보테가생로랑가방
294,중고나라,루이비통,디올 오블리크 크로스백/숄더백 새상품급 정품(영수증O)구찌프라다루이비통고야드샤넬셀린느보테가생로랑발렌시아가버버리가방
300,중고나라,루이비통,구찌 마몽 마틀라세 스몰 크로스백/숄더백 정품S급(감정O)프라다루이비통디올고야드샤넬셀린느보테가생로랑발렌시아가가방
301,중고나라,루이비통,발렌시아가 시티 모터백 스몰 크로스백 정품S급(감정O)구찌프라다루이비통디올고야드샤넬셀린느보테가생로랑버버리가방
302,중고나라,루이비통,구찌 네오빈티지 크로스백/메신저백 새상품급 정품(감정O)프라다루이비통디올고야드샤넬셀린느보테가생로랑발렌시아가버버리가방
60,당근마켓,구찌,구찌 인터로킹 슬라이드 235mm 새상품급 팝니다
4,당근마켓,구찌,구찌 에밀리 GG 체인 숄더백 핑크
38,당근마켓,구찌,구찌 GG 엠보스 반지갑 브라운
39,당근마켓,구찌,구찌 GG 2413/N/S 807 블랙 선글라스
42,당근마켓,구찌,❤️(정품)구찌 홀스빗 숄더백 블랙 GUCCI
40,당근마켓,구찌,구찌 박스 및 쇼핑백
272,중고나라,구찌,구찌 가방 탑핸들 크로스백 토트백 숄더백 (정품/새상품)
88,당근마켓,에르메스,(마지막 가격인하) 에르메스 할잔 미니백 에토프
339,중고나라,루이비통,"프라다 가방,토트백,숄더백(디올샤넬보테가루이비통구찌셀린느생로랑발렌시아가)"
306,중고나라,루이비통,미우미우 마틀라세 크로스백/장지갑 새상품급 정품(보증서O)구찌프라다루이비통디올고야드샤넬셀린느보테가생로랑발렌시아가가방
7706,중고나라,루이비통,루이비통가방
341,중고나라,루이비통,"버버리가방 숄더백,크로스백(디올샤넬프라다루이비통구찌셀린느생로랑발렌시아가)"
340,중고나라,루이비통,"프라다 가방,토트백,숄더백(디올샤넬보테가루이비통구찌셀린느생로랑발렌시아가)"
318,중고나라,루이비통,안심결제
319,중고나라,루이비통,안심결제
327,중고나라,루이비통,안심결제
326,중고나라,루이비통,안심결제
330,중고나라,루이비통,안심결제
316,중고나라,루이비통,안심결제
324,중고나라,루이비통,안심결제
3,당근마켓,구찌,구찌 GG 마몽 마틀라세 미니 버킷백(블랙)
10,당근마켓,구찌,GG마몽 마틀라쎄 미디엄 체인숄더백
16,당근마켓,샤넬,구찌 GG 마몬트 레더 탑핸들백 블랙 🖤
90,당근마켓,에르메스,에르메스 피코탄 18 금장
280,중고나라,루이비통,(미사용)구찌 탑핸들 미니백/크로스백 새상품급 정품(영수증O)프라다루이비통디올고야드샤넬셀린느보테가생로랑발렌시아가가방
279,중고나라,루이비통,디올 오블리크 클러치백/파우치백 정품A급(영수증O)구찌프라다루이비통디올고야드샤넬셀린느보테가생로랑발렌시아가버버리가방
287,중고나라,루이비통,루이비통 앙프렝뜨 클러치백 정품S급(영수증O)구찌프라다디올고야드샤넬셀린느보테가생로랑버버리발렌시아가가방
289,중고나라,루이비통,구찌 스네이크 클러치백 정품A급(영수증O)구찌프라다루이비통디올고야드샤넬셀린느보테가생로랑발렌시아가버버리가방
323,중고나라,루이비통,안심결제
91,당근마켓,에르메스,[31] 에르메스 에르백 집 31 에크루 포브
329,중고나라,루이비통,안심결제
288,중고나라,루이비통,구찌 스네이크 클러치백 정품A급(감정O)구찌프라다루이비통디올고야드샤넬셀린느보테가생로랑발렌시아가버버리가방
92,당근마켓,에르메스,에르메스 미니에블린 K각인 새상품
328,중고나라,루이비통,안심결제
29,당근마켓,구찌,구찌 쇼핑백 풀박스(실크 스카프)
235,중고나라,루이비통,구찌 뱀부 클러치 파우치크로스백프라다루이비통디올셀린느생로랑샤넬버버리에르메스테수토호보백팩명품가방뉴욕패딩
236,중고나라,루이비통,(미사용)구찌 오피디아 크로스백/숄더백 새상품급 정품(감정O)프라다루이비통디올고야드샤넬셀린느보테가생로랑발렌시아가가방
237,중고나라,구찌,구찌 남성 가방 gucci
240,중고나라,루이비통,구찌 테슬 크로스백/카메라백/디스코백 정품A급(감정O)프라다루이비통디올고야드샤넬셀린느보테가생로랑발렌시아가버버리가방
241,중고나라,루이비통,입생로랑 생로랑 뉴미듐 클러치백 정품S급(영수증O)구찌프라다루이비통디올고야드샤넬셀린느보테가버버리발렌시아가가방
243,중고나라,루이비통,고야드 클러치백/파우치백 MM 정품S급(감정O)구찌프라다루이비통디올고야드샤넬셀린느보테가생로랑발렌시아가버버리가방
247,중고나라,구찌,(정품) 구찌 Gucci 로고 pvc 토트백 가방
249,중고나라,루이비통,구찌 오피디아 클러치백 새상품급 정품(감정O)프라다루이비통디올고야드샤넬셀린느보테가생로랑버버리발렌시아가가방
254,중고나라,루이비통,구찌 마몬트 마틀라세 스몰 크로스백 새상품급 정품(감정O)프라다루이비통디올고야드샤넬셀린느보테가생로랑발렌시아가가방
255,중고나라,루이비통,버버리 하우스체크 숄더백 토트백 새상품급 정품(감정O)크로스백구찌프라다루이비통디올고야드샤넬셀린느보테가생로랑가방
256,중고나라,루이비통,루이비통 쉐도우 클러치/클러치백 한정판 정품S급(감정O)구찌프라다디올고야드샤넬셀린느보테가생로랑버버리발렌시아가가방
257,중고나라,루이비통,프라다 버킷백 라지 크로스백/숄더백 정품A급(보증서O)구찌루이비통디올고야드샤넬셀린느보테가생로랑발렌시아가버버리가방
258,중고나라,루이비통,구찌 마몬트 마틀라세 스몰 크로스백 정품S급(감정O)구찌프라다루이비통디올고야드샤넬셀린느보테가생로랑발렌시아가버버리가방
259,중고나라,루이비통,구찌 마몬트 크로스백/숄더백 새상품급 정품(감정O)구찌프라다루이비통디올고야드샤넬셀린느보테가생로랑발렌시아가버버리가방
260,중고나라,루이비통,(미사용)구찌 크로스백/탑핸들 미니백 새상품급 정품(영수증O)프라다루이비통디올고야드샤넬셀린느보테가발렌시아가생로랑가방
261,중고나라,루이비통,고야드 세나 클러치/클러치백 MGM 정품S급(감정O)구찌프라다루이비통디올샤넬셀린느고야드보테가생로랑발렌시아가버버리가방
262,중고나라,루이비통,구찌 스네이크 클러치백 새상품급 정품(영수증O)구찌프라다루이비통디올고야드샤넬셀린느보테가생로랑발렌시아가버버리가방
263,중고나라,루이비통,루이비통 앙프렝뜨 클러치백/파우치백 정품S급(영수증O)구찌프라다루이비통디올고야드샤넬셀린느보테가생로랑발렌시아가가방
264,중고나라,루이비통,셀린느 카바스미니 크로스백/숄더백 새상품급 정품(감정서O)구찌프라다루이비통디올고야드샤넬보테가생로랑발렌시아가버버리가방
66,당근마켓,에르메스,에르메스 클릭아슈 팔찌 골드 화이트
265,중고나라,루이비통,"버버리가방 숄더백,토트백(디올샤넬프라다루이비통구찌셀린느생로랑발렌시아가)"
273,중고나라,구찌,구찌 남녀공용가방 GG 패턴 벨트백 힙색 메신저 크로스백 새상품 쇼핑백
274,중고나라,구찌,구찌가방 디오니소스 woc 레드 크로스백
282,중고나라,구찌,구찌정품가방
292,중고나라,구찌,정품 구찌남성가방 GG수프림 플랫 크로스백 숄더백
293,중고나라,구찌,정품 구찌가방 크로스백WOC 소호 체인크로스백
295,중고나라,구찌,오피디아 구찌가방
305,중고나라,구찌,구찌 가방 팝니다
307,중고나라,구찌,구찌 GUCCI 고급 가죽 서류 가방(마지막 가격)
308,중고나라,루이비통,보테가베네타 크로스가방 베네토 크로스바디백 폰단트 구찌 프라다 디올 루이비통 셀린느 버버리 생로랑 발렌시아가 코치
309,중고나라,구찌,구찌 가방 지갑 세트(새상품)
310,중고나라,구찌,구찌가방
311,중고나라,구찌,GG 수프림 크로스백 구찌백 구찌가방
312,중고나라,구찌,구찌가방
314,중고나라,구찌,구찌가방
347,중고나라,구찌,구찌 님페아 탑핸들 가방 레드
348,중고나라,구찌,구찌 마몬트 탑핸들 가방
349,중고나라,구찌,구찌 가방
350,중고나라,구찌,정품 구찌 가방 여성 쟈가드 숄더백 크로스백
351,중고나라,구찌,정품 구찌 가방 여성 쟈가드 가죽 배색 숄더백 토트백
354,중고나라,구찌,구찌 가방 GG 마이크로시마 카프 브리프케이스 팝니다
355,중고나라,구찌,구찌가방 판매합니다
356,중고나라,샤넬,루이비통 가방(샤넬 구찌 마쥬 이자벨마랑 산드로 메종키츠네 디올 펜디 프라다 셀린느 보테가 로저비비에 마놀로블라닉)
290,중고나라,루이비통,루이비통 토일렛26 클러치백/파우치백 정품S급(감정O)구찌프라다루이비통디올고야드샤넬셀린느보테가생로랑발렌시아가가방
291,중고나라,루이비통,셀린느 트리옹프 카바스 미니 크로스백 정품S급(감정O)구찌프라다루이비통디올고야드샤넬보테가생로랑발렌시아가버버리가방
357,중고나라,샤넬,펜디 쇼퍼백 기저귀 숄더백 가방 보테가프라다구찌디올에르메스샤넬루이비통이미스막스마라산드로마쥬버버리마랑타임마인한섬
358,중고나라,샤넬,르메르 크루아상 코인 펄스 크로스바디 지갑가방. 보테가프라다구찌디올샤넬막스마라산드로마쥬버버리마랑타임마인한섬
5,당근마켓,구찌,구찌 디오니소스 스웨이드 스몰 숄더백
359,중고나라,구찌,구찌 타이가 토트백 가방
360,중고나라,구찌,구찌가방
361,중고나라,구찌,"백화점 정품, 새 상품급 구찌 뱀부 스페셜에디션 여자 가방 풀세트 싸게 팝니다. (추가 가격인하)"
362,중고나라,구찌,박스풀) 구찌 홀스빗 1955 레더 미니 탑핸들 베이지 가방
363,중고나라,구찌,GUCCI 구찌 수프림 GG로고 크로스백 메신져백 가방 남여공용
18,당근마켓,구찌,구찌 마몬트 백 (S급) 상품
81,당근마켓,루이비통,"루이비통 쇼핑백7, 에르메스 쇼핑백 1개(일괄 판매)"
364,중고나라,구찌,오피디아 구찌가방
365,중고나라,구찌,(정품) 구찌 GG 수프림 캔버스 플랩 백팩 가방53만원
366,중고나라,구찌,(정품) 구찌 블랙 GG 로고 삼선 보스턴 여행 가방 트래블백
367,중고나라,구찌,(정품) 구찌 나일론 블랙 백팩 여성 가방
368,중고나라,구찌,(정품) 구찌 GG 자카드 투포켓 백팩 여성 가방
372,중고나라,구찌,구찌 가방 / 정품감정서0
373,중고나라,구찌,여성구찌가방
93,당근마켓,에르메스,에르메스 그리그리 로데오 트윌리
296,중고나라,루이비통,샤넬 클래식 클러치백 라지 샴골 새상품급 정품(감정O)구찌프라다루이비통디올고야드셀린느보테가생로랑발렌시아가버버리가방
6,당근마켓,구찌,구찌 시마 레더 숄더백 브라운
374,중고나라,구찌,구찌 가방
375,중고나라,구찌,구찌 가방
385,중고나라,에르메스,(급처) 에르메스 에블린 블랙 은장 큰사이즈 // 에르메스 남자가방 여자숄더백 크로스백 남녀가방
376,중고나라,구찌,구찌가방
377,중고나라,샤넬,"자크뮈스 가방/ 명품백 샤넬, 구찌, 셀린느"
378,중고나라,구찌,구찌 쟈가드 호보백 구찌가방 구찌핸드백
379,중고나라,구찌,오피디아 구찌가방 300프로정품
380,중고나라,구찌,구찌 GG 점보 파우치 클러치 가방 카멜 739490 AABYO 명품가방
381,중고나라,구찌,(정품) 구찌 GG 수프림 캔버스 백팩 (명품 여자 가방 크로스백 숄더백)
382,중고나라,구찌,(정품) 구찌 오피디아 크로스백 (명품 여자 가방 숄더백)
383,중고나라,루이비통,(마지막 가격)생로랑 모노그램 클러치 미듐 파우치크로스백프라다루이비통디올셀린느생로랑샤넬버버리에르메스테수토호보백팩가방
384,중고나라,에르메스,[26년 5월 새제품] 에르메스 피코탄 22 그리 미스티 가방
386,중고나라,에르메스,정품 에르메스 블랙 네이비 캔버스 토트백 가방 hermes
388,중고나라,에르메스,에르메스 켈리 멀티 포켓 앱송 누아 금장 지갑 가방 팝니다
389,중고나라,에르메스,에르메스 후루토 PM 정품 가방
390,중고나라,에르메스,에르메스 에르백 토트백 가방 감정서포함
391,중고나라,에르메스,정품 에르메스 에블린 GM 33 가방 크로스백(정품보증서O)
392,중고나라,샤넬,에르메스 피코탄18(블랙은장) 뮤제라 라온컴퍼니 유메르 디올 샤넬 가방
393,중고나라,에르메스,에르메스 토고 삭아데페슈 38 서류가방 브리프케이스
394,중고나라,에르메스,정품 에르메스 블랙 네이비 캔버스 토트백 가방 hermes
395,중고나라,에르메스,(26.06 구매) 에르메스 브리드 어 브랙 파우치 가방(Bride-a-Brac)
396,중고나라,에르메스,에르메스 냅 지갑 가방 (인보이스 포함 풀패키지)
397,중고나라,에르메스,정품 에르메스 블랙 네이비 캔버스 토트백 가방 hermes
398,중고나라,에르메스,(새상품)에르메스 R.M.S 기내용 케리어 수트케이스 여행가방
399,중고나라,에르메스,에르메스가방
400,중고나라,에르메스,에르메스 가방 버킨
401,중고나라,에르메스,명품 에르메스 샤넬 등 각종 가방
402,중고나라,에르메스,에르메스 에르백31/ 에르백 금장/ 에르메스 가방
403,중고나라,에르메스,정품 에르메스 캔바스 토트백 가방 hermes
404,중고나라,에르메스,정품 레이디 디올 woc 가방 샤넬 루이비통 에르메스
405,중고나라,에르메스,에르메스남성가방
406,중고나라,에르메스,에르메스 R.M.S 캐빈 여행가방 캐리어 25새상품
407,중고나라,에르메스,[U각인]에르메스 켈리 데페슈 25 토고 가방
410,중고나라,샤넬,샤넬 캐비어 체인가방
8651,중고나라,샤넬,샤넬 골든볼 램스킨 미니가방
421,중고나라,샤넬,새상품 샤넬 공방 미니 가방
415,중고나라,샤넬,샤넬핸드폰가방
419,중고나라,샤넬,새상품 샤넬 가방
416,중고나라,샤넬,샤넬 CC 트렌디 미니가방 미니백
420,중고나라,샤넬,샤넬 미니가방 미니백
431,중고나라,루이비통,"베르사체가방,토트백숄더백(생로랑디올펜디샤넬프라다셀린느버버리고야드루이비통"
408,중고나라,샤넬,새상품 샤넬 가방 진주
411,중고나라,샤넬,샤넬 이오백 25백 스트랩 가방끈 체인패드 어깨패드 화이트 새상품 캐비어
412,중고나라,샤넬,샤넬 보스턴가방
413,중고나라,샤넬,정품)급처상태좋음!샤넬 트렌디CC 핑크 탑핸들 플랩백 크로스백 토트백 숄더백 가방 개런티카드있음!
298,중고나라,루이비통,구찌 오피디아 탬버린백/크로스백 새상품급 정품(감정O)프라다루이비통디올고야드샤넬셀린느보테가생로랑발렌시아가버버리가방
299,중고나라,루이비통,루이비통 에튀보야주MM 클러치백 정품S급(감정서O)구찌프라다루이비통디올고야드샤넬셀린느보테가생로랑발렌시아가버버리가방
414,중고나라,샤넬,샤넬 프레피 코코 스몰 샤넬가방
22,당근마켓,구찌,구찌 GG 패턴 볼캡 XXL 61cm
417,중고나라,샤넬,새상품 샤넬 미니 가방
418,중고나라,샤넬,샤넬 가방 팝니다
425,중고나라,샤넬,샤넬 WOC 가방 신세계센텀시티 매장 구매
426,중고나라,샤넬,샤넬 클래식 쁘띠삭 크로스백 가방 마지막가격
428,중고나라,샤넬,샤넬크로스백 그로스백 가방쇼더백 정품 3번대 시리얼번호
432,중고나라,샤넬,정품) 샤넬 레드 보스턴백 스포츠백 원형 가방
435,중고나라,샤넬,샤넬 컬렉션 레이디 퍼스트 캔버스 가방 CHANEL
436,중고나라,샤넬,새상품 가방 샤넬
437,중고나라,샤넬,샤넬가방 샤넬백 클래식 플랩백 금장 스몰
438,중고나라,샤넬,(정품) 샤넬 뉴 트래블 라인 토트백 숄더백 여성 가방
427,중고나라,샤넬,샤넬19뉴미듐클러치백 샤넬가방 명품백 정품
430,중고나라,샤넬,새상품 샤넬 공방 가방
433,중고나라,샤넬,[S급/정품] 샤넬 더블 체인 타이니 샤핑 크로스백 가방
439,중고나라,샤넬,마지막가격내림 정품 샤넬 은장 2.55 초코바 숄더가방 6번대
440,중고나라,샤넬,샤넬캐비어가방
441,중고나라,샤넬,샤넬 빈티지 가방
442,중고나라,샤넬,샤넬 금장 가방
94,당근마켓,에르메스,에르메스 트윌리
96,당근마켓,에르메스,에르메스 트윌리 데르메스 오드 퍼퓸 세트
24,당근마켓,구찌,구찌 남성 가방 브리프케이스
33,당근마켓,구찌,구찌 마몽 버킷백 미니 블랙
304,중고나라,구찌,구찌 빈티지 가방 팝니다~
352,중고나라,루이비통,"프라다 가방,토트백,숄더백(디올샤넬보테가루이비통구찌셀린느생로랑발렌시아가)"
337,중고나라,루이비통,"구찌가방,토트백숄더백(디올펜디샤넬프라다셀린느버버리고야드루이비통발렌시아가"
443,중고나라,샤넬,샤넬 탑핸들 체인 미니백 차정원 가방
444,중고나라,샤넬,(정품) 샤넬 뉴트래블라인 바게트백 (명품 가방 숄더백 토트백 볼링백)
445,중고나라,샤넬,샤넬 금장 가방
97,당근마켓,에르메스,에르메스 스트라이프 남녀공용 슬립온 40(255-260)
125,당근마켓,샤넬,샤넬 코스메틱 탑핸들 베니티백 캐비어 정가 521만원
135,당근마켓,샤넬,샤넬가방
98,당근마켓,에르메스,에르메스 오 도랑쥬 베르트 헤어 4종 세트
446,중고나라,샤넬,샤넬크로스백 그로스백 가방쇼더백 정품 3번대 시리얼번호
463,중고나라,샤넬,샤넬클러치가방
447,중고나라,샤넬,샤넬가방 에나멜 퀼팅 숄더백
448,중고나라,샤넬,샤넬가방 오염은 생활흔적 상태좋아요 검정가방은
449,중고나라,샤넬,샤넬 정품 가방 미니백 크로스백 핸드폰가방
451,중고나라,샤넬,샤넬 VIP증정 보스턴백 여행가방 골프가방 운동가방
452,중고나라,샤넬,샤넬 탬버린백 가방
453,중고나라,샤넬,샤넬 VIP증정 보스턴백 여행가방 골프가방 운동가방
454,중고나라,샤넬,샤넬 가방
928,중고나라,루이비통,루이비통 팔라스 / 루이비통 숄더백 토트백 명품가방
455,중고나라,샤넬,샤넬 빈티지가방 5번대 판매합니다
456,중고나라,샤넬,샤넬 보이 WOC 은장 캐비어 (가방+영수증+인보이스+쇼핑백+박스)
457,중고나라,샤넬,샤넬 종이가방
458,중고나라,샤넬,샤넬 스포츠 타올 코코 토트백 <기은세 가방>
459,중고나라,샤넬,샤넬가방 페이던트 미듐.상태좋음!!
129,당근마켓,샤넬,샤넬 클래식 캐비어(국내백화점)
131,당근마켓,샤넬,샤넬 WOC 블랙 금장 체인백 골드볼
137,당근마켓,샤넬,샤넬 블랙 발레리나 플랫 35.5
460,중고나라,샤넬,샤넬 코코핸들 라지 (구미듐) 플랩백 내장칩 블랙 A92991 가방
461,중고나라,샤넬,샤넬 미니 크로스 가방
462,중고나라,샤넬,샤넬 진주핸들 가방 (정품 풀셋트)
944,중고나라,루이비통,새상품 루이비통 미니 가방
953,중고나라,루이비통,정품 루이비통 멀티 무라카미 우슐라가방
942,중고나라,루이비통,정품- 루이비통 가방 스트랩- 보증서 유
8705,중고나라,루이비통,루이비통 호라이즌 55 캐리어 여행가방 한정판 정품
929,중고나라,루이비통,루이비통가방
8707,중고나라,루이비통,"루이비통 쁘띠드 말 수플 앙프렝뜨 가방 M45393 토트, 숄더백"
3507,중고나라,샤넬,(새가방수준)샤넬 로고 블랙 버킷백 복주머니
3508,중고나라,샤넬,샤넬 VIP증정 보스턴백 여행가방 골프가방 운동가방
3509,중고나라,샤넬,샤넬 VIP증정 보스턴백 여행가방 골프가방 운동가방
3510,중고나라,샤넬,샤넬 21번대 유물 가방 팔아요
25,당근마켓,구찌,구찌 홀스빗 GG수프림 반지갑 (상태좋음)
146,당근마켓,샤넬,샤넬 크루즈 청바지 핑크 나염 36
336,중고나라,루이비통,"프라다 가방,숄더백크로스백(디올샤넬보테가루이비통구찌셀린느생로랑발렌시아가)"
163,당근마켓,샤넬,샤넬 스타일 퀼팅 체인 미니백 블랙
172,당근마켓,샤넬,질스튜어트 옐로우 셔링 체인 드로우백
173,당근마켓,샤넬,미우미우 외 브랜드 쇼핑백/상자 모음
189,당근마켓,루이비통,루이비통 바뱅 BB 체인백 팔아요~
190,당근마켓,루이비통,루이비통 모노그램 레드 토트백
192,당근마켓,루이비통,루이비통 M68566에센셜 트렁크 모노그램 미니 NM 블랙 체인 크로스백
197,당근마켓,루이비통,루이비통 몽테뉴 BB 토트백
196,당근마켓,루이비통,루이비통 모노그램 체인 팔찌
194,당근마켓,루이비통,루이비통 스니커즈 신세계백화점 구매
335,중고나라,루이비통,"구찌가방,토트백숄더백(디올펜디샤넬프라다셀린느버버리고야드루이비통발렌시아가"
8708,중고나라,루이비통,디올 레이디백 < 디올 북토트 < 루이비통 가방
99,당근마켓,에르메스,에르메스 트윌리 스카프 오렌지/브라운
233,중고나라,루이비통,프라다 비텔로woc 레더백크로스백가방명품백테수토호보백숄더백버킷백 구찌루이비통디올셀린느샤넬에르메스보테가
338,중고나라,루이비통,"프라다 가방,숄더백크로스백(디올샤넬보테가루이비통구찌셀린느생로랑발렌시아가)"
100,당근마켓,에르메스,에르메스 에르백31 새상품입니다
101,당근마켓,에르메스,에르메스 줄리아(Giulia) 켈리 샌들 37사이즈
102,당근마켓,에르메스,에르메스 바운싱 스니커즈 화이트 37사이즈
103,당근마켓,에르메스,에르메스 로데오 PM 오렌지×블루 백참
104,당근마켓,에르메스,토즈 스웨이드 앵글부츠 235(36반)정품
105,당근마켓,에르메스,"디올, 구찌, 에르메스, 샤넬, 까르띠에 쇼핑백"
106,당근마켓,에르메스,에르메스 바운싱 스니커즈 37.5사이즈 새상품 판매합니다
107,당근마켓,에르메스,에르메스 가방 롱다리키티 키링(새상품)
108,당근마켓,에르메스,에르메스 미니 팝아슈 목걸이 화이트/골드
109,당근마켓,에르메스,에르메스 Destin loafer 38size 새상품 판매합니다
110,당근마켓,에르메스,에르메스 트윌리 스카프 화이트 2종 새상품 판매합니다
234,중고나라,루이비통,보테가베네타 인트레치아토 클러치가방테수토호보백 리에디션2005크로스백숄더백팩구찌루이비통디올셀린느생로랑샤넬디올에르메스
8,당근마켓,구찌,구찌 수프림 미니크로스백
281,중고나라,루이비통,구찌 디오니소스 크로스백/숄더백 정품A급(영수증O)구찌프라다루이비통디올고야드샤넬셀린느보테가생로랑발렌시아가버버리가방
250,중고나라,루이비통,발렌시아가 에브리데이 크로스백 정품S급(감정서O)구찌프라다루이비통디올고야드샤넬셀린느보테가생로랑버버리가방
251,중고나라,루이비통,(미사용)구찌 홀스빗 크로스백/숄더백 미디움 새상품급 정품(구매내역O)프라다루이비통디올고야드샤넬셀린느보테가생로랑가방
252,중고나라,루이비통,톰브라운 클러치백/파우치백 스몰 정품S급(감정O)구찌프라다루이비통디올고야드샤넬셀린느보테가생로랑발렌시아가버버리가방
111,당근마켓,에르메스,에르메스 클릭아슈 브레이슬릿 옐로우 골드 하드웨어 & 블랑 (PM) 새상품
285,중고나라,루이비통,보테가베네타 버킷백/크로스백 스몰 새상품급 정품(감정O)구찌프라다루이비통디올고야드샤넬셀린느생로랑버버리발렌시아가가방
112,당근마켓,에르메스,에르메스 미니팝H 목걸이 화이트 미니
253,중고나라,루이비통,샤넬 보이백 클래식 미듐 캐비어 은장 크로스/숄더백 정품S급(감정서O)구찌프라다루이비통디올고야드보테가에르메스가방
113,당근마켓,에르메스,[새상품] 에르메스 집시에르 미니 백
41,당근마켓,구찌,구찌 GG 엠보스 반지갑 다크 브라운
114,당근마켓,에르메스,에르메스 클릭아슈 로즈골드 마론글라쎄
115,당근마켓,에르메스,에르메스 게타 백 베쥬 마르파 (새상품)
116,당근마켓,에르메스,에르메스 미니에블린 (에블린 tpm)
117,당근마켓,에르메스,에르메스 가든파티 골드 30 새상품
303,중고나라,루이비통,보테가베네타 클러치백 투지퍼 정품S급(감정O)구찌프라다루이비통디올고야드샤넬셀린느보테가생로랑발렌시아가버버리가방
118,당근마켓,에르메스,에르메스 루이비통 쇼핑백 일괄
119,당근마켓,에르메스,에르메스 H아워 PM 금장
44,당근마켓,구찌,구찌 홀스빗 1955 GG 숄더백
50,당근마켓,구찌,구찌 GG 마몬트 블랙 벨트 골드 버클
52,당근마켓,구찌,구찌 핑크 러버 뮬 샌들
89,당근마켓,에르메스,에르메스 에르백 31 올리브카키
228,당근마켓,루이비통,루이뷔통 페이보릿 PM 가방 싸게 팔아요
229,당근마켓,루이비통,루이비통 스피디 30 모노그램 가방
230,당근마켓,루이비통,루이비통 알마 BB
231,당근마켓,루이비통,루이비통 앙프렝뜨 루미네즈PM 토트백
232,당근마켓,루이비통,정품 루이비통 스피디 30 모노그램 가방
9,당근마켓,구찌,구찌 빨강색 가방
315,중고나라,구찌,구찌 GG 마틀라세 레더 스몰 핸드백 핑크 체인 가방
346,중고나라,구찌,안심결제
54,당근마켓,구찌,구찌 라이톤 아이보리 스니커즈 245mm
297,중고나라,루이비통,발렌시아가 시티 모터백 미니 크로스백 정품S급(감정O)구찌프라다루이비통디올고야드샤넬셀린느보테가생로랑버버리가방
369,중고나라,구찌,(정품) 구찌 빈티지 GG 캔버스 백팩 여성 가방
371,중고나라,구찌,파울로 구찌 가방
7560,중고나라,구찌,구찌 아프로디테 GG 가방
9156,중고나라,구찌,구찌 서류가방 정품 오피디아 토트백 새상품
9157,중고나라,구찌,구찌가방 스몰 은장
370,중고나라,구찌,구찌 오피디아 GG 숄더백 명품가방 499621
387,중고나라,에르메스,에르메스 젤리백 버킨 화이트라지 수영가방 방수가방 야유회
7708,중고나라,루이비통,루이비통 다미에 그라피트 서류가방
8742,중고나라,루이비통,가격제시받음)명품 프라다 루이비통 가방 급처
7709,중고나라,루이비통,(정품) 루이비통 모노그램 알리제 55 보스턴백 여행가방
8744,중고나라,루이비통,루이비통 다미에 서류가방
429,중고나라,샤넬,(새상품)샤넬 퀼팅 체인 크로스백 블랙 핸드폰가방
409,중고나라,샤넬,새상품]샤넬 VIP한정 보스턴백 캠핑 여행 골프 운동가방
423,중고나라,샤넬,샤넬 듀마 백팩 샤넬가방 샤넬백
424,중고나라,샤넬,샤넬 라이언 체인 숄더백 금장 미니백 샤넬백 샤넬가방
422,중고나라,샤넬,샤넬가방
7710,중고나라,루이비통,(정품) 루이비통 멀티플 시떼 토트백 숄더백 가방
450,중고나라,샤넬,샤넬 가방 woc 핸드백 크로스백
248,중고나라,루이비통,프라다 리에디션 2005 리나일론 백 미니크로스백 가방 숄더백 슬링백 구찌 루이비통
126,당근마켓,샤넬,샤넬19 체인 벨트백(정품)
8747,중고나라,루이비통,루이비통 M54380 토뤼옹 아르망 서류가방
142,당근마켓,샤넬,⭐️샤넬 woc 블랙 캐비어⭐️풀구성
434,중고나라,샤넬,샤넬 보이샤넬 캐비어 WOC 금장 체인 크로스백 가방
8709,중고나라,루이비통,(정품) 루이비통 숄더백 크로스백 가방 스트랩 블랙
7694,중고나라,루이비통,루이비통 가방
7695,중고나라,루이비통,[S급/정품] 루이비통 쁘띠 삭 플라 크로스백 가방
8710,중고나라,루이비통,루이비통 한정판 데님 스피디 30 반둘리에 가방 M27556 새상품 판매
8711,중고나라,루이비통,루이비통 가방
930,중고나라,루이비통,루이비통 다미에 여행가방
7699,중고나라,루이비통,루이비통 지갑.가방정리
8713,중고나라,루이비통,(가격인하) 정품 루이비통 타이가 라귀토 도큐먼트 슬림 서류 가방 클러치백
7701,중고나라,루이비통,루이비통 모노그램 멀티 포쉐트 악세수아 크로스백 가방
934,중고나라,루이비통,루이비통 가방
7703,중고나라,루이비통,[S급] 루이비통 락미텐더 누아르 크로스백 가방
940,중고나라,루이비통,루이비통 쁘띠 버킷백 가방
960,중고나라,루이비통,중고 루이비통 가방 팜스프링스pm
959,중고나라,루이비통,중고 루이비통 가방 팜스프링스pm
7707,중고나라,루이비통,루이비통 브리프케이스 서류가방 풀세트
941,중고나라,루이비통,루이비통 마카사르 키폴 킵올 50 여행가방
938,중고나라,루이비통,루이비통락미버킷가방
980,중고나라,루이비통,루이비통 가방
7711,중고나라,루이비통,(정품) 루이비통 에벤 햄스테드 MM 숄더백 가방73만원
164,당근마켓,샤넬,샤넬 시즌 가방
7712,중고나라,루이비통,루이비통 팔라스 가방
7714,중고나라,루이비통,루이비통 가방(가품)
967,중고나라,루이비통,루이비통 가방
7713,중고나라,루이비통,(정품) 루이비통 모노그램 트로터 보부르 크로스백 가방
8749,중고나라,루이비통,루이비통 포쉐트 메티스 가방
8750,중고나라,루이비통,루이비통가방 루프백데님(gray)
8751,중고나라,루이비통,루이비통 N41125 다미에 포르트 도큐먼트 서류가방
8752,중고나라,루이비통,루이비통 N50200 다미에 포르트 서류가방
8753,중고나라,루이비통,루이비통 N42241 다미에 코발트 서류가방
8754,중고나라,루이비통,[S급/정품]루이비통 펠리시 포쉐트 캔버스 다미에 에벤 가방
168,당근마켓,샤넬,바비 샤넬 키링
148,당근마켓,샤넬,샤넬 N°5 스노우볼
150,당근마켓,샤넬,화장품 파우치
968,중고나라,루이비통,루이비통 가방
8755,중고나라,루이비통,루이비통 네오노에 가방
8756,중고나라,루이비통,루이비통 가방 M41522 모노그램 스피디 40 토트백 일본 빈티지 명품
8757,중고나라,루이비통,루이비통 모노그램 노에 버킷백 숄더백 M42224 가방 일본 빈티지 명품
943,중고나라,루이비통,루이비통 네오노에 가방
1445,중고나라,루이비통,정품 루이비통 모노그램 키폴 50 보스톤백 골프 여행가방
8758,중고나라,루이비통,루이비통가방
8759,중고나라,루이비통,[한정판/정품] 루이비통 1854 도핀 크로스백 가방 체인 지갑
954,중고나라,루이비통,(급처) 루이비통 슈프림 콜라보 슈비통 레드 숄더백 크로스백 // 남녀가방 남자 여자 루이비통 가방
198,당근마켓,루이비통,정품 루이비통 투피스 세트
8760,중고나라,루이비통,루이비통 M31162 타이가 알렉산더 브리프케이스 서류가방
8761,중고나라,루이비통,(초SS급) 루이비통 마이락미 체인 숄더백 핸드백 가방 M63471
8762,중고나라,루이비통,루이비통 M50166 에피 포르트 도큐먼트 서류가방
8763,중고나라,루이비통,루이비통 콘세이어 에삐 레더 서류가방
8764,중고나라,루이비통,루이비통가방 스피디20블랙
195,당근마켓,루이비통,루이비통 트위스트 MM 체인백
976,중고나라,루이비통,루이비통 스피디 35 가방
977,중고나라,루이비통,루이비통 모노그램 멀티컬러 가방 Greta Monogram Multicolour Bag
199,당근마켓,루이비통,루이비통 모노그램 체인 팔찌 골드/실버
8765,중고나라,루이비통,루이비통 구찌 프라다 토리버치 외 정품만! 남.녀 가방 지갑
8766,중고나라,루이비통,루이비통 다미에 여행가방
8767,중고나라,루이비통,(정품) 루이비통 모노그램 로즈 데일리 파우치 클러치백 가방
8768,중고나라,루이비통,루이비통 삭플라 bb 모노그램 가방
8769,중고나라,루이비통,루이비통 가방
8770,중고나라,루이비통,에눌가능) 루이비통 가방
8771,중고나라,루이비통,정품 루이비통 에삐 라귀토 서류가방
8772,중고나라,루이비통,루이비통 에삐 서류가방 브리프케이스 판매합니다
8773,중고나라,루이비통,루이비통 모노그램 반둘리에 키폴50 여행가방
8774,중고나라,루이비통,루이비통 가방
8775,중고나라,루이비통,"루이비통 루나 PM 코낙 가방 신세계백화점 사우스시티(경기점) 인증서 포함 풀박스 신동품제품 살때받은 종이백, 종이"
978,중고나라,루이비통,루이비통 여행가방
8776,중고나라,루이비통,(새상품급) / (정품) 루이비통 트리오 메신저 가방 M46266
8777,중고나라,루이비통,루이비통 타이가 블랙 서류 가방
8778,중고나라,루이비통,헬로키티 루이비통그림 루이비통액자 캐릭터 대형 그림 액자 팝아트 인테리어소품 인테리어액자 명품그림 가방 지갑 키티
8779,중고나라,루이비통,루이비통 가방 팝니다
154,당근마켓,샤넬,상품권거래O) 샤넬 24C 크루즈 자켓 36
179,당근마켓,루이비통,루이비통 나노노에 새상품
201,당근마켓,루이비통,루이비통 클러치백 새상품 입니다
202,당근마켓,루이비통,루이비통 M68566에센셜 트렁크 모노그램 미니 NM 블랙 체인 크로스백
203,당근마켓,루이비통,루이비통 몽수리 모노그램 백팩 + 파우치
205,당근마켓,루이비통,루이비통 다미에 메신저백 크로스백
208,당근마켓,루이비통,루이비통 가방
209,당근마켓,루이비통,루이비통 슬링백
210,당근마켓,루이비통,루이비통 가방
206,당근마켓,루이비통,루이비통 강아지슬링백
219,당근마켓,루이비통,루이비통 장지갑 새상품 입니다
212,당근마켓,루이비통,루이비통 마렐백 블랙
213,당근마켓,루이비통,루이비통 쇼핑백
925,중고나라,루이비통,정품 루이비통 모노그램 키폴 55 여행 골프 보스턴백 가방
8780,중고나라,루이비통,루이비통 가방 정리해요
927,중고나라,루이비통,루이비통 가방 판매합니다
931,중고나라,루이비통,새상품 루이비통 리버시블 가방
932,중고나라,루이비통,루이비통 이클립스 보야제pm 메신저백 크로스백 루이비통 남성가방
155,당근마켓,샤넬,샤넬 김고은 자켓 38
153,당근마켓,샤넬,"샤넬 23P 핑크 트위드 자켓, 샤넬 반팔 트위드 자켓 38"
979,중고나라,루이비통,루이비통 르 마제스틱 핸드백 가죽 정품(가방 안쪽 시리얼 넘버 있어요)
156,당근마켓,샤넬,샤넬 토오픈 샌들 블랙 37.5
933,중고나라,루이비통,정품루이비통 다미에 스피디 35 가방 (지퍼고리 수리요망)
935,중고나라,루이비통,루이비통 체인 온 월릿 블룸 가방 팝니다(백화점 정품)
936,중고나라,루이비통,(정품)루이비통 스피디 30 모노그램 가방따로 핫핑크 파우치 따로판매합니다
937,중고나라,루이비통,루이비통 알마 BB 모노그램 가방
939,중고나라,루이비통,루이비통 디스커버리 백팩 블랙 가방
945,중고나라,루이비통,(한정판 / 전시컨디션 S급 / 풀세트)루이비통 버질아블로 모노그램 미러 삭플라 서류가방
946,중고나라,루이비통,정품/100%환불] 루이비통 서류가방 / 클래식 모노그램 브리프케이스 (초특가)
947,중고나라,루이비통,루이비통가방 아치 가방
948,중고나라,루이비통,루이비통 가방 모노그램 수플로BB
949,중고나라,루이비통,루이비통 키폴 50 여행 가방
950,중고나라,루이비통,새상품급 루이비통 니스 미니 토트백 크로스백 숄더백 사각백 파우치 가방
951,중고나라,루이비통,[빈티지 명품/ 정품] 루이비통 가방
952,중고나라,루이비통,루이비통 남성가방
955,중고나라,루이비통,[새상품] 루이비통 돕키트 / 루이비통 파우치 / 루이비통 가방
956,중고나라,루이비통,루이비통 그리니치 여행가방
957,중고나라,루이비통,루이비통 이영애누님 가방 현존하는 알테어중 최상급..
958,중고나라,루이비통,정품 루이비통멀티 무라카미 파띠가방
166,당근마켓,샤넬,새상품) 샤넬 26B 데님 생지 34
169,당근마켓,샤넬,샤넬 24C 크루즈 트위드 베스트 자켓
167,당근마켓,샤넬,샤넬쇼핑백
165,당근마켓,샤넬,샤넬 패치워크 체인 빅숄더백
171,당근마켓,샤넬,(정품)샤넬 19 램스킨 카드지갑 블랙 금장
170,당근마켓,샤넬,샤넬 쇼핑백&박스모음10종
238,중고나라,루이비통,메종 마르지엘라 버킷백/크로스백 정품S급(감정O)구찌프라다루이비통디올고야드샤넬셀린느보테가생로랑발렌시아가버버리가방
239,중고나라,루이비통,디올 오블리크 폰홀더백/크로스백 정품S급(영수증O)구찌프라다루이비통디올고야드샤넬셀린느보테가생로랑발렌시아가버버리가방
961,중고나라,루이비통,루이비통 서류가방
962,중고나라,루이비통,루이비통 캐리어 호라이즌55 여행가방 M23002
963,중고나라,루이비통,루이비통 에피 키폴 55블랙 여행가방
964,중고나라,루이비통,득템가. 루이비통 토일레트리 온 체인 가방 파우치 세트
965,중고나라,루이비통,루이비통 가방
966,중고나라,루이비통,[PM] LV 루이비통 여성 모노그램 벨벳 온더고 가방 토트백
969,중고나라,루이비통,루이비통 다미에 그라파이트 브리프케이스(서류가방)
970,중고나라,루이비통,루이비통 종이가방 쇼핑백 360*250*110
971,중고나라,루이비통,정품루이비통가방 갈리에라 pm
972,중고나라,루이비통,정품루이비통가방
176,당근마켓,샤넬,샤넬 이어링 정리/ 샤넬 하트 이어링 데님
177,당근마켓,샤넬,샤넬 로고 스타킹 (반스타킹)
174,당근마켓,샤넬,샤넬 호완 체인줄 카드지갑 골드 새상품
175,당근마켓,샤넬,샤넬 25백 이머백 (백앤센스)
217,당근마켓,루이비통,루이비통 가방 판매합니다
344,중고나라,구찌,구찌 가방
8420,당근마켓,샤넬,샤넬 리본 머리삔 샤넬 바레트 화이트
343,중고나라,구찌,구찌 가방
345,중고나라,구찌,구찌 정품 가방
317,중고나라,루이비통,안심결제
320,중고나라,루이비통,안심결제
322,중고나라,루이비통,안심결제
321,중고나라,루이비통,안심결제
325,중고나라,루이비통,안심결제
218,당근마켓,루이비통,루이비통 장지갑 새상품 입니다
207,당근마켓,루이비통,루이비통 반지갑 새상품 입니다
214,당근마켓,루이비통,루이비통 쇼핑백
211,당근마켓,루이비통,루이비통 반지갑 새상품 입니다
220,당근마켓,루이비통,루이비통 가방
216,당근마켓,루이비통,루이비통 박스 세트
215,당근마켓,루이비통,루이비통 브레아 에삐 네이비
222,당근마켓,루이비통,루이비통 크로스백
221,당근마켓,루이비통,루이비통 쇼핑백5p 박스1p
973,중고나라,루이비통,정품 루이비통가방 카바스
974,중고나라,루이비통,루이비통 가방
975,중고나라,루이비통,루이비통 모노그램 반둘리에 가방 스트랩 끈 jo2288
331,중고나라,루이비통,"구찌가방,토트백숄더백(디올펜디샤넬프라다셀린느버버리고야드루이비통발렌시아가"
334,중고나라,루이비통,"정품 구찌 가방,토트백(디올펜디샤넬프라다셀린느버버리고야드루이비통에르메스"
200,당근마켓,루이비통,루이비통 쁘띠 삭플라 모노그램
178,당근마켓,루이비통,루이비통 네오노에 버킷백 레드
180,당근마켓,루이비통,루이비통 쁘띠드팔레 모노그램 앙프렝뜨
181,당근마켓,루이비통,루이비통 월릿 온 체인 메티스 가방
183,당근마켓,루이비통,루이비통 네오노에
182,당근마켓,루이비통,루이비통 다미에 숄더백 새상품
184,당근마켓,루이비통,루이비통 키폴25 모노그램 토뤼옹 가죽 블랙 S급 판매합니다. LV M20900
333,중고나라,루이비통,"구찌가방,토트백숄더백(디올펜디샤넬프라다셀린느버버리고야드루이비통발렌시아가"
332,중고나라,루이비통,"펜디가방 숄더백,토트백(디올샤넬보테가루이비통구찌셀린느생로랑발렌시아가프라다"
353,중고나라,루이비통,"프라다 가방,토트백,숄더백(디올샤넬보테가루이비통구찌셀린느생로랑발렌시아가)"
188,당근마켓,루이비통,루이비통 X 쿠사마 야요이 스카프
185,당근마켓,루이비통,루이비통 미니 도핀 에삐 블랙
186,당근마켓,루이비통,루이비통 스피디 40 모노그램
187,당근마켓,루이비통,루이비통 시티스티머한정판
191,당근마켓,루이비통,루이비통
242,중고나라,루이비통,톰브라운 클러치백 스몰 정품A급(감정O)구찌프라다루이비통디올고야드샤넬셀린느보테가생로랑발렌시아가버버리가방
244,중고나라,루이비통,구찌 마틀라세 클러치백 새상품급 정품(영수증O)구찌프라다루이비통디올고야드샤넬셀린느보테가생로랑발렌시아가버버리가방
245,중고나라,루이비통,루이비통 생통주 크로스백/카메라백 새상품급 정품(영수증O)구찌프라다디올고야드샤넬셀린느보테가생로랑발렌시아가버버리가방
246,중고나라,루이비통,루이비통 에튀보야주MM 클러치백 새상품급 정품(감정O)구찌프라다디올고야드샤넬셀린느보테가생로랑발렌시아가버버리가방
193,당근마켓,루이비통,루이비통 가방 락미텐더(새상품급)
204,당근마켓,루이비통,루이비통 가방
227,당근마켓,루이비통,루이비통 페이보릿 PM
224,당근마켓,루이비통,루이비통 쇼핑백5P
223,당근마켓,루이비통,루이비통 다미에 트레비 PM (새상품)
225,당근마켓,루이비통,루이비통 파운데이션 에코백
226,당근마켓,루이비통,"명품 쇼핑백 모음 (까르띠에, 디올, 불가리 등)"
